{"cameraMode":{"drawMode":0,"name":"Shaded","section":"Shading Mode"},"sceneLighting":true,"audioPlay":false,"sceneViewState":{"m_AlwaysRefresh":false,"showFog":true,"showSkybox":true,"showFlares":true,"showImageEffects":true,"showParticleSystems":true,"showVisualEffectGraphs":true,"m_FxEnabled":true},"in2DMode":false,"pivot":{"x":-5.639693260192871,"y":-22.177936553955079,"z":-20.891613006591798},"rotation":{"x":-0.05149190500378609,"y":0.9217577576637268,"z":-0.36123329401016238,"w":-0.13140369951725007},"size":27.294485092163087,"orthographic":false}